payment_id,card_number,expiry_date,verification_code,name_on_card
2,6518933853161812,2027-09-13,964,John Wheeler
3,3521388068111890,2027-08-07,461,Melanie Andrews
4,4598145656475,2026-07-27,255,David Jacobs
6,4409961937930826,2026-12-30,339,Thomas Sanders
8,4619081966941720010,2025-11-16,721,Rebecca Thompson
9,585562177543,2027-07-06,958,Howard Baker
10,639084531628,2025-12-27,986,Scott Roberts
12,4491227196751488,2026-08-24,919,Cindy Scott
14,4697647588607786,2026-11-24,157,Morgan Savage
15,6011586546137763,2026-04-22,214,Ricky Ryan
17,4976152837529,2027-05-28,342,Stephanie Camacho
19,4447384740945317,2026-08-04,899,Matthew Casey
20,3542450636583706,2026-03-08,157,Cheryl Thompson
21,4863379786322616,2027-10-31,726,William Murray
22,6572550127568003,2027-08-12,103,Jesus James
23,4245683141971747,2026-06-23,413,Julie Prince
25,3583317687572427,2026-11-29,177,William Taylor
26,4576786124881667060,2027-10-22,823,Jackie Joseph PhD
27,30330320169183,2027-02-12,456,Michael Robinson
28,676328367633,2026-09-26,725,Caleb Fox
29,30094191428975,2027-08-20,855,Leonard Perry
31,180011654543270,2027-03-15,580,Connor Ramirez
32,4142208133433266512,2027-06-04,341,Denise Hall
34,6572246616904417,2027-01-17,582,Timothy Mejia
35,4470808383153,2026-09-06,649,Thomas Garrison
36,30483654621251,2027-02-18,176,Lucas Jones
38,3591845186081292,2026-04-16,145,Brenda Wilson
39,30542203900779,2026-05-27,807,Samantha Moon
41,344038298654356,2027-02-05,900,Michelle Scott
42,4390509517279717,2027-06-03,189,James Day
43,340946998405446,2026-08-14,452,Heidi Oconnell
45,4663352369997668,2027-08-29,503,Richard Ochoa
47,343606570942094,2026-11-06,159,Catherine Martin
48,4615735269887768228,2026-04-17,657,Angela Clayton
49,502024760337,2026-12-12,379,Cindy Douglas
50,4551665106718718108,2026-05-11,517,Denise Thompson
51,4761093441165384,2025-11-26,592,Michele Cook
52,30542646202056,2025-12-06,292,Barbara Rodriguez
53,3572696483975345,2027-09-09,557,Dorothy Lee
54,4194004149802076,2027-09-17,506,Michael Allen
55,371105631394911,2026-01-17,452,Hector Ortiz
56,213138740595518,2026-02-10,330,Samuel Hartman
58,6569733986131551,2027-10-05,140,John Wilson
59,3525331792670878,2026-02-06,171,Jonathan Sloan
60,4217446508646354530,2026-10-24,460,Mike Dorsey
62,4579118425130121145,2027-11-01,235,Charles Jimenez
64,4348366997181787270,2026-05-14,891,Ernest Martinez
65,4632280982774,2027-04-06,141,Kevin Miller
66,3569506677358619,2027-03-12,792,Jennifer Mccullough
68,30355932015979,2026-11-11,324,Amber Logan
70,4745420733940482,2025-11-29,531,Shannon Cox
72,213146531923849,2026-10-14,449,David Harris
73,213117940613636,2027-09-03,592,Belinda Lee
74,213146645449004,2026-04-01,698,Sarah Trujillo
75,379749996250812,2027-03-25,409,Zachary Hancock
76,4006971775453069,2027-02-26,875,Rita Smith DDS
77,4796514567812453898,2026-01-19,138,Mrs. Elizabeth Christensen
79,4897988889908,2026-01-18,896,Tara Pennington MD
81,4217904335709454535,2027-02-17,372,Matthew Scott Jr.
82,2426328190918976,2027-01-12,689,Daniel Hill
83,4469653640162287,2027-06-07,159,Mariah Williams
84,341553576209932,2026-03-03,204,Brenda Crawford
85,373246471150043,2026-08-31,633,Danny Knight
86,6011510832615274,2026-01-07,314,Beth Roman
87,6011321708088087,2027-10-15,359,Stacey Carey
88,180065578277225,2026-07-02,214,Brandon Li
89,676184663257,2026-09-28,163,Kevin Keller
90,4119978528762,2026-12-08,471,Grant Rhodes
92,180077618041529,2027-04-12,591,Gary Conner
94,676118308730,2027-04-22,352,Benjamin Murray
96,4608176053372559,2026-03-14,530,Marc Thompson
97,4444342477322830,2027-10-16,630,Christina Turner
98,4830462513496,2027-08-31,116,Melinda Morales
99,4913822758333350,2027-03-08,370,Albert Santos
100,4676082721834219,2026-04-08,864,Audrey Osborn
101,4460626394718560,2026-05-11,149,Stephen Gallegos
102,567906902554,2027-03-17,927,Joseph Johnson
